               epoch,      train/box_loss,      train/obj_loss,      train/cls_loss,   metrics/precision,      metrics/recall,     metrics/mAP_0.5,metrics/mAP_0.5:0.95,        val/box_loss,        val/obj_loss,        val/cls_loss,               x/lr0,               x/lr1,               x/lr2
                   0,            0.099297,            0.012805,            0.039709,                   0,                   0,                   0,                   0,            0.086072,           0.0097234,            0.033136,            0.070698,           0.0032558,           0.0032558
                   1,            0.090636,            0.011874,            0.035604,                   0,                   0,                   0,                   0,            0.082322,            0.010888,            0.030103,            0.040676,           0.0065674,           0.0065674
                   2,             0.08895,            0.012394,            0.034247,          1.3109e-05,           0.0015649,          6.6676e-06,          1.6657e-06,             0.08052,            0.010827,            0.028281,            0.010632,            0.009857,            0.009857
                   3,            0.088662,            0.013266,            0.033342,          0.00022944,            0.020118,          0.00012551,          2.2251e-05,            0.079832,            0.011537,            0.027734,            0.009901,            0.009901,            0.009901
                   4,            0.087018,            0.012958,             0.03274,          0.00088433,            0.048624,          0.00066682,           0.0002398,            0.078724,             0.01206,            0.027339,            0.009901,            0.009901,            0.009901
                   5,            0.083348,            0.013356,             0.03143,           0.0015078,             0.11008,           0.0020606,          0.00047336,            0.077131,            0.012836,            0.027023,            0.009868,            0.009868,            0.009868
                   6,            0.081272,            0.014193,            0.029284,           0.0023142,             0.17309,            0.013911,           0.0033778,            0.075146,            0.013519,            0.023794,            0.009835,            0.009835,            0.009835
                   7,            0.081363,            0.013907,            0.029392,             0.87184,            0.020924,            0.012034,           0.0026277,            0.074059,             0.01354,            0.023399,            0.009802,            0.009802,            0.009802
                   8,             0.07394,            0.014509,             0.02803,              0.5605,            0.038925,            0.028348,           0.0060863,            0.068787,            0.015083,            0.022353,            0.009769,            0.009769,            0.009769
                   9,            0.073194,            0.015198,            0.028992,             0.41401,            0.082696,             0.05345,             0.01482,            0.064142,             0.01575,            0.024554,            0.009736,            0.009736,            0.009736
                  10,             0.06417,            0.015047,            0.027119,             0.07291,             0.17607,            0.059386,            0.015896,            0.055919,            0.014444,            0.022374,            0.009703,            0.009703,            0.009703
                  11,            0.062402,            0.015061,            0.026124,            0.094604,             0.20477,            0.083793,            0.025337,             0.05483,            0.015441,            0.021792,             0.00967,             0.00967,             0.00967
                  12,            0.059813,             0.01436,            0.026927,               0.137,             0.26593,             0.12715,            0.041257,            0.057269,            0.012902,            0.021406,            0.009637,            0.009637,            0.009637
                  13,            0.058391,            0.013897,             0.02514,             0.17451,             0.34354,             0.14013,            0.040811,            0.052073,            0.014446,            0.020787,            0.009604,            0.009604,            0.009604
                  14,            0.058731,            0.013971,            0.025014,             0.19385,             0.35801,             0.20275,            0.069085,            0.048837,            0.014822,            0.020608,            0.009571,            0.009571,            0.009571
                  15,            0.057004,            0.014629,            0.025195,             0.25695,             0.29967,             0.23281,            0.079112,            0.044985,            0.012318,            0.019769,            0.009538,            0.009538,            0.009538
                  16,            0.056784,            0.014167,            0.024728,             0.28079,             0.33541,              0.2688,            0.088126,            0.044773,            0.012108,            0.019906,            0.009505,            0.009505,            0.009505
                  17,            0.058548,            0.013917,            0.026876,             0.28715,              0.3442,             0.27126,            0.098242,            0.044063,            0.011918,            0.019494,            0.009472,            0.009472,            0.009472
                  18,            0.052101,            0.013796,            0.023536,             0.29822,             0.36287,             0.28942,            0.088587,            0.043463,              0.0124,             0.01842,            0.009439,            0.009439,            0.009439
                  19,            0.051209,             0.01409,            0.022803,             0.33788,             0.40873,             0.33811,             0.11625,            0.042223,            0.011738,            0.017883,            0.009406,            0.009406,            0.009406
                  20,            0.054666,            0.014036,            0.024117,             0.30394,             0.43298,             0.32669,             0.10494,            0.042969,            0.011651,            0.016782,            0.009373,            0.009373,            0.009373
                  21,             0.04934,            0.013606,            0.021645,             0.36144,              0.3718,             0.32407,              0.1136,               0.042,            0.012091,            0.017169,             0.00934,             0.00934,             0.00934
                  22,            0.047956,            0.013882,            0.019624,             0.44024,                 0.4,             0.34629,             0.12939,            0.039962,            0.012246,             0.01668,            0.009307,            0.009307,            0.009307
                  23,            0.049885,            0.013284,            0.023447,             0.43337,             0.44492,             0.37197,             0.13814,            0.040328,            0.011435,            0.016945,            0.009274,            0.009274,            0.009274
                  24,             0.04777,            0.013505,            0.020198,              0.3423,             0.43198,             0.34926,             0.10101,            0.040793,            0.012071,            0.016363,            0.009241,            0.009241,            0.009241
                  25,            0.049358,            0.013659,            0.021251,             0.44865,              0.4928,             0.43529,             0.15753,            0.037878,            0.011401,            0.015559,            0.009208,            0.009208,            0.009208
                  26,            0.048904,             0.01342,            0.019431,             0.54839,             0.54635,             0.47096,             0.18733,            0.037914,            0.010818,            0.014302,            0.009175,            0.009175,            0.009175
                  27,            0.048505,            0.013325,            0.019808,             0.45101,             0.52629,             0.40374,             0.16016,            0.038946,             0.01109,            0.014445,            0.009142,            0.009142,            0.009142
                  28,            0.052281,            0.013024,            0.020525,              0.5396,             0.56369,             0.47087,             0.16608,            0.041139,             0.01072,            0.014015,            0.009109,            0.009109,            0.009109
                  29,            0.050089,            0.012932,            0.019732,             0.51103,             0.51447,             0.45203,             0.15986,            0.038399,            0.011017,            0.013715,            0.009076,            0.009076,            0.009076
                  30,            0.047865,            0.013373,            0.018484,             0.51894,             0.53645,             0.45887,              0.1741,            0.038999,             0.01193,            0.013262,            0.009043,            0.009043,            0.009043
                  31,            0.045712,            0.012542,            0.019543,             0.53308,             0.60788,             0.49681,             0.17922,            0.036359,            0.010706,            0.012509,             0.00901,             0.00901,             0.00901
                  32,            0.045126,            0.012694,            0.017069,             0.56619,             0.57238,             0.49455,              0.1803,            0.036086,            0.010477,            0.012129,            0.008977,            0.008977,            0.008977
                  33,            0.048418,            0.012896,            0.018113,             0.55887,             0.57263,             0.52001,             0.19541,             0.03473,             0.01078,            0.012036,            0.008944,            0.008944,            0.008944
                  34,            0.045642,            0.012431,             0.01783,             0.55156,             0.56898,             0.51127,             0.18023,            0.036955,            0.010663,            0.012227,            0.008911,            0.008911,            0.008911
                  35,            0.045599,            0.012693,            0.016715,             0.58916,             0.56302,             0.51043,             0.18577,            0.037115,            0.010357,            0.012012,            0.008878,            0.008878,            0.008878
                  36,            0.041747,            0.012588,            0.016428,             0.56655,             0.58307,             0.49854,              0.1652,            0.035055,            0.010552,            0.011628,            0.008845,            0.008845,            0.008845
                  37,            0.044136,             0.01262,            0.016003,             0.59291,             0.60463,              0.5421,             0.20382,            0.035872,            0.010345,            0.010901,            0.008812,            0.008812,            0.008812
                  38,            0.044194,            0.012166,            0.015588,             0.64012,             0.62462,             0.60967,              0.2379,            0.035276,              0.0101,              0.0104,            0.008779,            0.008779,            0.008779
                  39,            0.045205,            0.011926,            0.015073,              0.5927,             0.58585,             0.55389,             0.19862,            0.034532,           0.0099503,            0.010562,            0.008746,            0.008746,            0.008746
                  40,             0.04175,            0.011622,            0.015267,             0.61772,             0.63005,              0.6048,             0.22897,            0.035023,            0.010004,            0.010001,            0.008713,            0.008713,            0.008713
                  41,            0.043631,            0.012108,            0.012863,             0.69435,             0.63112,              0.6379,             0.25404,            0.033195,            0.010112,           0.0096111,             0.00868,             0.00868,             0.00868
                  42,             0.04336,            0.012212,            0.015959,             0.66466,             0.66294,             0.64384,             0.25717,            0.033957,           0.0098898,           0.0088935,            0.008647,            0.008647,            0.008647
                  43,            0.040152,            0.012258,             0.01424,             0.70697,              0.6612,              0.6528,             0.24924,            0.034672,           0.0097497,           0.0087682,            0.008614,            0.008614,            0.008614
                  44,            0.042975,            0.011721,            0.015641,             0.68029,             0.65943,             0.64167,             0.23492,            0.036262,           0.0095291,           0.0091143,            0.008581,            0.008581,            0.008581
                  45,            0.041776,             0.01175,             0.01399,             0.70102,             0.65773,             0.64608,             0.21871,            0.034376,           0.0097245,            0.008076,            0.008548,            0.008548,            0.008548
                  46,            0.041971,            0.011792,            0.012586,             0.70041,             0.67471,             0.67077,             0.24357,            0.037239,           0.0095507,            0.007696,            0.008515,            0.008515,            0.008515
                  47,            0.041675,            0.011599,            0.013159,              0.7741,             0.69495,             0.71208,             0.28974,            0.032605,           0.0094652,           0.0078926,            0.008482,            0.008482,            0.008482
                  48,            0.043955,            0.012021,            0.012404,              0.7634,             0.70281,             0.72062,             0.29721,            0.032804,           0.0093387,           0.0068284,            0.008449,            0.008449,            0.008449
                  49,            0.044698,             0.01175,             0.01372,             0.73624,             0.69808,             0.70529,              0.2954,            0.032529,           0.0095469,            0.007633,            0.008416,            0.008416,            0.008416
                  50,             0.04135,            0.012004,            0.013176,             0.70095,             0.67151,             0.68168,              0.2518,            0.032824,           0.0097928,           0.0073511,            0.008383,            0.008383,            0.008383
                  51,            0.042541,            0.011454,            0.011952,             0.73446,             0.71644,             0.71797,             0.28992,            0.034216,           0.0094062,           0.0068036,             0.00835,             0.00835,             0.00835
                  52,            0.040935,            0.011269,            0.012851,             0.71529,             0.70813,             0.70994,              0.2693,            0.033192,            0.009373,           0.0062765,            0.008317,            0.008317,            0.008317
                  53,            0.041436,            0.011689,            0.011662,             0.75304,             0.71553,             0.72538,             0.29918,            0.031649,           0.0092879,           0.0060165,            0.008284,            0.008284,            0.008284
                  54,            0.041018,            0.011482,            0.011188,              0.7626,             0.69866,             0.69992,             0.27633,            0.033097,           0.0093788,           0.0065898,            0.008251,            0.008251,            0.008251
                  55,            0.040827,            0.011601,            0.012476,             0.78103,             0.69353,             0.73334,             0.28691,            0.031647,            0.009455,           0.0065645,            0.008218,            0.008218,            0.008218
                  56,            0.037867,            0.011279,             0.01064,             0.80382,             0.72355,             0.76509,             0.31424,            0.031535,           0.0092425,           0.0061849,            0.008185,            0.008185,            0.008185
                  57,            0.040122,            0.011317,            0.010374,             0.81989,             0.72852,             0.76613,             0.30657,            0.031383,           0.0089893,           0.0059114,            0.008152,            0.008152,            0.008152
                  58,            0.038704,            0.011659,            0.010544,             0.81368,              0.7173,             0.76356,             0.32374,              0.0344,           0.0089738,           0.0056443,            0.008119,            0.008119,            0.008119
                  59,            0.041473,            0.011063,            0.011054,             0.85379,             0.75624,             0.80243,              0.3421,            0.030044,           0.0089037,           0.0058948,            0.008086,            0.008086,            0.008086
                  60,            0.041991,            0.010844,           0.0096579,             0.83453,             0.72352,             0.77738,             0.31237,            0.031402,           0.0089595,           0.0051331,            0.008053,            0.008053,            0.008053
                  61,            0.040236,            0.011211,           0.0097082,             0.84034,             0.72946,             0.78807,             0.33875,            0.030225,           0.0091715,           0.0054954,             0.00802,             0.00802,             0.00802
                  62,            0.038366,             0.01132,            0.010113,             0.81514,             0.72075,             0.77177,             0.33034,            0.030078,             0.00907,            0.011474,            0.007987,            0.007987,            0.007987
                  63,            0.038769,            0.011653,           0.0094987,             0.85126,             0.75269,             0.80539,             0.33852,            0.030752,           0.0088239,           0.0049428,            0.007954,            0.007954,            0.007954
                  64,            0.039489,            0.011457,           0.0092154,             0.85366,             0.71453,              0.7725,             0.31461,             0.03083,           0.0092147,           0.0056782,            0.007921,            0.007921,            0.007921
                  65,            0.037977,            0.011411,           0.0089374,             0.83852,             0.73592,             0.78454,             0.30591,            0.031897,           0.0090555,           0.0048116,            0.007888,            0.007888,            0.007888
                  66,            0.039599,            0.011119,           0.0091512,             0.87517,             0.73635,             0.79303,             0.31943,            0.029968,           0.0090402,           0.0047768,            0.007855,            0.007855,            0.007855
                  67,            0.039748,            0.010911,           0.0094542,             0.86824,             0.71454,             0.79725,             0.34399,            0.028534,           0.0092658,           0.0053523,            0.007822,            0.007822,            0.007822
                  68,            0.037721,            0.011232,           0.0084815,             0.87904,             0.76987,             0.81278,             0.34467,             0.02987,           0.0086247,            0.005017,            0.007789,            0.007789,            0.007789
                  69,            0.039282,            0.010997,            0.010226,             0.85403,             0.72111,             0.78804,             0.34247,            0.030823,           0.0090393,           0.0050459,            0.007756,            0.007756,            0.007756
                  70,            0.037151,            0.011064,           0.0083269,             0.82257,             0.73617,             0.77566,             0.31598,            0.031393,           0.0091077,           0.0053086,            0.007723,            0.007723,            0.007723
                  71,            0.038727,            0.011119,           0.0085197,             0.85397,             0.77738,              0.8161,             0.34208,            0.028465,            0.009046,           0.0042515,             0.00769,             0.00769,             0.00769
                  72,            0.035458,            0.011002,           0.0086175,             0.85227,             0.79728,             0.83372,             0.35814,             0.02981,           0.0088099,           0.0042759,            0.007657,            0.007657,            0.007657
                  73,            0.036794,            0.010315,           0.0082392,             0.88382,             0.78911,             0.84217,             0.37099,            0.027827,           0.0086842,           0.0036916,            0.007624,            0.007624,            0.007624
                  74,            0.038427,            0.010824,           0.0090289,             0.84819,             0.75053,             0.80909,             0.34586,            0.031162,           0.0089595,           0.0042752,            0.007591,            0.007591,            0.007591
                  75,            0.040671,            0.010847,           0.0088427,             0.88695,              0.7724,             0.83216,              0.3521,            0.029563,            0.008798,           0.0039076,            0.007558,            0.007558,            0.007558
                  76,            0.036801,            0.011372,           0.0084752,             0.84236,             0.76917,             0.81767,             0.35862,             0.03167,           0.0089579,           0.0056214,            0.007525,            0.007525,            0.007525
                  77,            0.035104,            0.010626,           0.0064634,             0.89196,              0.7681,             0.81694,             0.31503,            0.033216,           0.0086491,           0.0036178,            0.007492,            0.007492,            0.007492
                  78,            0.039583,            0.011282,           0.0085626,             0.88626,             0.76653,             0.81667,             0.32842,            0.030399,           0.0086626,           0.0038517,            0.007459,            0.007459,            0.007459
                  79,            0.037576,            0.011005,           0.0084288,             0.91181,             0.80857,             0.86742,             0.38698,            0.031086,            0.008375,           0.0034236,            0.007426,            0.007426,            0.007426
                  80,            0.036649,            0.010263,           0.0080466,             0.89739,             0.79394,             0.84924,              0.3533,            0.031018,           0.0086766,           0.0035225,            0.007393,            0.007393,            0.007393
                  81,            0.038362,            0.010583,           0.0074132,             0.88824,             0.79587,             0.85532,             0.36038,            0.029265,           0.0085926,           0.0031486,             0.00736,             0.00736,             0.00736
                  82,            0.036622,            0.010576,           0.0066861,              0.8898,               0.804,             0.85208,             0.36235,            0.030995,            0.008643,           0.0033498,            0.007327,            0.007327,            0.007327
                  83,            0.036927,            0.010267,           0.0082748,             0.89678,             0.78556,             0.85288,             0.35573,            0.029084,           0.0087504,            0.003242,            0.007294,            0.007294,            0.007294
                  84,            0.039392,            0.010784,           0.0089415,             0.91803,             0.77986,             0.85466,              0.3608,            0.030029,           0.0085375,            0.003072,            0.007261,            0.007261,            0.007261
                  85,            0.034549,            0.010989,           0.0068398,             0.91532,             0.79224,             0.86861,                0.39,            0.029356,           0.0086668,           0.0036019,            0.007228,            0.007228,            0.007228
                  86,            0.037432,            0.010586,           0.0072688,             0.90914,             0.82058,             0.86559,             0.36551,            0.030791,           0.0082162,           0.0029651,            0.007195,            0.007195,            0.007195
                  87,            0.037512,            0.010998,           0.0068445,             0.90712,             0.80307,             0.85409,             0.35095,            0.028578,           0.0084694,           0.0029051,            0.007162,            0.007162,            0.007162
                  88,            0.038379,            0.010477,           0.0079197,             0.92429,             0.82159,             0.87492,             0.38032,             0.02833,           0.0084315,           0.0029329,            0.007129,            0.007129,            0.007129
                  89,            0.038782,            0.010946,           0.0074091,             0.90135,             0.82226,             0.86543,             0.37658,            0.029041,           0.0086352,           0.0029333,            0.007096,            0.007096,            0.007096
                  90,             0.03601,            0.010873,           0.0073453,             0.91692,             0.83033,             0.87666,              0.4021,            0.028525,           0.0082679,           0.0027739,            0.007063,            0.007063,            0.007063
                  91,            0.038755,            0.010801,           0.0082135,             0.89016,             0.80791,             0.86144,             0.38353,            0.028457,           0.0086207,           0.0030978,             0.00703,             0.00703,             0.00703
                  92,            0.039663,            0.010503,           0.0077521,             0.91908,             0.81731,              0.8674,             0.38321,            0.027397,           0.0082682,           0.0030975,            0.006997,            0.006997,            0.006997
                  93,            0.035776,            0.010883,           0.0071754,             0.91592,             0.81083,             0.85976,             0.37208,             0.02819,           0.0083848,           0.0030408,            0.006964,            0.006964,            0.006964
                  94,            0.035873,            0.010733,           0.0068115,             0.87955,             0.78248,             0.82416,             0.33858,            0.029007,           0.0085136,            0.003425,            0.006931,            0.006931,            0.006931
                  95,            0.037264,            0.010404,           0.0075636,             0.92236,             0.81234,             0.86635,              0.3911,            0.027283,           0.0083089,           0.0031045,            0.006898,            0.006898,            0.006898
                  96,             0.03583,            0.010711,           0.0071029,             0.91532,             0.81139,             0.86218,             0.39648,            0.027922,           0.0083425,           0.0031418,            0.006865,            0.006865,            0.006865
                  97,            0.034969,            0.010298,           0.0072387,             0.93129,              0.8217,              0.8828,             0.39493,            0.026361,           0.0083032,           0.0027822,            0.006832,            0.006832,            0.006832
                  98,            0.037198,             0.01065,            0.007359,             0.89097,             0.83446,             0.87475,             0.38868,            0.028229,           0.0084117,           0.0030405,            0.006799,            0.006799,            0.006799
                  99,            0.035272,            0.010365,           0.0068267,             0.89113,             0.84383,             0.87811,             0.38191,            0.027967,           0.0084091,           0.0028074,            0.006766,            0.006766,            0.006766
                 100,            0.035431,            0.010341,           0.0065533,             0.92724,             0.84314,             0.89119,             0.40544,            0.026386,            0.008162,           0.0025607,            0.006733,            0.006733,            0.006733
                 101,            0.035704,            0.010605,           0.0060305,             0.92628,             0.84443,             0.89141,              0.3925,            0.027646,           0.0081111,           0.0027535,              0.0067,              0.0067,              0.0067
                 102,            0.036573,            0.010121,           0.0077118,             0.95464,             0.79462,              0.8776,             0.38349,            0.027296,           0.0082403,           0.0027093,            0.006667,            0.006667,            0.006667
                 103,            0.035206,              0.0103,           0.0059889,             0.94021,             0.84489,             0.89405,             0.40919,            0.026094,           0.0079643,           0.0027049,            0.006634,            0.006634,            0.006634
                 104,            0.036863,             0.00999,            0.006744,             0.92338,             0.83332,             0.88867,             0.38873,            0.026435,           0.0081651,           0.0026275,            0.006601,            0.006601,            0.006601
                 105,            0.034269,            0.010301,             0.00697,             0.92308,             0.82599,             0.88574,             0.41246,            0.026789,           0.0080869,           0.0026667,            0.006568,            0.006568,            0.006568
                 106,            0.033156,            0.010037,           0.0066591,             0.93242,             0.81839,             0.89021,             0.40149,            0.026261,           0.0081494,           0.0026648,            0.006535,            0.006535,            0.006535
                 107,            0.035305,            0.010135,           0.0073462,             0.94136,             0.84283,             0.89668,             0.40867,            0.027553,           0.0079732,           0.0024815,            0.006502,            0.006502,            0.006502
                 108,            0.034249,            0.010182,           0.0055869,             0.91254,             0.85087,             0.90338,             0.40773,            0.025842,           0.0080604,           0.0024483,            0.006469,            0.006469,            0.006469
                 109,            0.035035,           0.0098668,           0.0062446,             0.88493,             0.82605,             0.87675,             0.40478,            0.026355,           0.0081127,           0.0030391,            0.006436,            0.006436,            0.006436
                 110,            0.036502,            0.010173,           0.0063341,             0.94492,             0.83119,             0.89482,             0.41718,            0.026211,           0.0080236,           0.0024018,            0.006403,            0.006403,            0.006403
                 111,            0.034213,           0.0099371,           0.0063671,             0.92281,              0.8195,             0.86677,             0.36392,            0.027948,           0.0081378,           0.0024427,             0.00637,             0.00637,             0.00637
                 112,             0.03471,            0.010153,           0.0051328,             0.93793,             0.84117,             0.89727,             0.41563,            0.025939,           0.0080122,           0.0023732,            0.006337,            0.006337,            0.006337
                 113,            0.033156,            0.010453,            0.005962,             0.94941,              0.8474,             0.90031,             0.43089,            0.025732,           0.0078637,           0.0021907,            0.006304,            0.006304,            0.006304
                 114,            0.034103,           0.0098108,           0.0047427,             0.94306,             0.84855,             0.90887,             0.42531,            0.026471,           0.0078215,           0.0023194,            0.006271,            0.006271,            0.006271
                 115,            0.034333,            0.010064,           0.0058064,             0.93573,             0.85414,             0.90517,             0.42022,            0.025711,           0.0078003,            0.002395,            0.006238,            0.006238,            0.006238
                 116,            0.035043,            0.010295,           0.0055242,             0.92668,              0.8684,             0.91501,             0.42905,            0.024783,           0.0078897,           0.0021236,            0.006205,            0.006205,            0.006205
                 117,            0.032609,            0.010042,           0.0057323,             0.93688,             0.87689,             0.91467,             0.43013,            0.027228,           0.0078133,            0.002132,            0.006172,            0.006172,            0.006172
                 118,            0.031637,           0.0096526,           0.0051803,             0.94618,             0.86425,             0.91272,             0.43147,            0.025918,           0.0076661,           0.0023353,            0.006139,            0.006139,            0.006139
                 119,            0.032508,            0.009671,           0.0050941,             0.94451,             0.88248,             0.92299,              0.4362,            0.027004,           0.0076724,           0.0019818,            0.006106,            0.006106,            0.006106
                 120,            0.034153,           0.0097136,           0.0048678,             0.94952,             0.88166,             0.92858,             0.43792,            0.025508,            0.007599,           0.0018994,            0.006073,            0.006073,            0.006073
                 121,             0.03137,           0.0094169,           0.0042004,             0.95714,             0.85852,             0.92138,             0.43453,             0.02657,           0.0078062,           0.0018127,             0.00604,             0.00604,             0.00604
                 122,            0.035285,           0.0098333,           0.0051829,              0.9412,             0.87383,             0.91637,             0.43687,            0.025673,           0.0077749,           0.0021329,            0.006007,            0.006007,            0.006007
                 123,            0.032103,            0.009875,           0.0046492,             0.94392,             0.87159,             0.91657,             0.42828,            0.025281,           0.0076818,           0.0020292,            0.005974,            0.005974,            0.005974
                 124,            0.034983,            0.009818,           0.0056589,             0.94404,             0.87792,             0.92089,             0.44631,            0.025205,           0.0076033,           0.0018612,            0.005941,            0.005941,            0.005941
                 125,            0.033502,           0.0098609,           0.0045727,             0.94106,             0.87178,             0.91683,             0.43337,            0.024549,           0.0077403,           0.0020803,            0.005908,            0.005908,            0.005908
                 126,            0.034278,           0.0094136,           0.0052867,             0.94049,              0.8689,             0.91698,             0.42349,            0.024288,           0.0076688,           0.0019668,            0.005875,            0.005875,            0.005875
                 127,            0.036115,           0.0097491,           0.0046182,              0.9339,             0.86913,             0.91803,             0.42832,            0.024913,           0.0076149,           0.0017611,            0.005842,            0.005842,            0.005842
                 128,            0.035254,            0.010015,           0.0052288,             0.92804,             0.88692,             0.91566,             0.42786,            0.025962,           0.0075715,           0.0018821,            0.005809,            0.005809,            0.005809
                 129,            0.032032,           0.0098776,           0.0048103,             0.95199,             0.89623,             0.93172,             0.44701,             0.02779,           0.0074879,           0.0018805,            0.005776,            0.005776,            0.005776
                 130,            0.035438,           0.0098564,           0.0049429,             0.94487,             0.89118,             0.92757,             0.44569,            0.025867,           0.0075458,           0.0019337,            0.005743,            0.005743,            0.005743
                 131,            0.033892,            0.009658,           0.0041643,              0.9494,             0.88929,             0.92713,             0.42252,            0.025243,           0.0075638,           0.0017094,             0.00571,             0.00571,             0.00571
                 132,             0.03032,           0.0096168,           0.0040256,             0.95337,             0.87538,             0.92635,             0.44985,            0.025907,           0.0076228,           0.0015823,            0.005677,            0.005677,            0.005677
                 133,            0.035061,            0.010264,           0.0043905,             0.92583,             0.90049,             0.93302,             0.45199,            0.024239,           0.0074605,           0.0017043,            0.005644,            0.005644,            0.005644
                 134,            0.033314,           0.0099393,           0.0046202,             0.91938,             0.89458,             0.92686,             0.44166,            0.025054,           0.0075012,           0.0017641,            0.005611,            0.005611,            0.005611
                 135,            0.032587,           0.0095454,           0.0051926,             0.93809,             0.88482,             0.92696,             0.45479,            0.025083,           0.0075559,           0.0018176,            0.005578,            0.005578,            0.005578
                 136,            0.034815,           0.0092062,           0.0042232,             0.92897,             0.89087,             0.92771,             0.44547,             0.02406,           0.0076114,           0.0017753,            0.005545,            0.005545,            0.005545
                 137,            0.033024,           0.0095238,           0.0040347,             0.93392,               0.876,             0.91954,             0.43505,            0.025446,           0.0077629,           0.0019168,            0.005512,            0.005512,            0.005512
                 138,            0.033382,              0.0098,           0.0040357,              0.9512,             0.89162,             0.92357,             0.44781,             0.02402,           0.0074389,           0.0017754,            0.005479,            0.005479,            0.005479
                 139,            0.030632,           0.0090099,           0.0035467,              0.9509,             0.88606,             0.92477,             0.44321,            0.026988,           0.0074977,            0.001725,            0.005446,            0.005446,            0.005446
                 140,            0.034547,           0.0093397,           0.0041229,             0.95137,             0.88241,             0.93018,             0.45612,            0.026691,           0.0074864,            0.001757,            0.005413,            0.005413,            0.005413
                 141,             0.03193,           0.0092973,            0.004569,             0.95603,             0.88996,              0.9356,             0.45617,            0.026329,           0.0073651,           0.0015545,             0.00538,             0.00538,             0.00538
                 142,            0.033066,           0.0095988,           0.0046494,             0.96375,             0.90223,             0.93883,             0.46644,            0.024692,           0.0073834,           0.0015259,            0.005347,            0.005347,            0.005347
                 143,            0.030883,            0.009462,           0.0042415,             0.95135,              0.8988,              0.9293,              0.4494,            0.023975,           0.0074335,           0.0016201,            0.005314,            0.005314,            0.005314
                 144,            0.032642,           0.0094946,             0.00417,             0.94137,             0.90297,             0.93433,             0.46174,            0.023722,           0.0074146,           0.0017014,            0.005281,            0.005281,            0.005281
                 145,            0.030718,           0.0094249,            0.004589,             0.94415,             0.86073,             0.90778,             0.43776,            0.025947,           0.0079452,           0.0017506,            0.005248,            0.005248,            0.005248
                 146,             0.03478,           0.0098424,           0.0044099,             0.95289,             0.86869,             0.92044,             0.44361,            0.024855,           0.0076628,           0.0018286,            0.005215,            0.005215,            0.005215
                 147,            0.031537,           0.0094236,           0.0040935,             0.94673,             0.89385,              0.9301,             0.45461,            0.024729,           0.0074697,           0.0017699,            0.005182,            0.005182,            0.005182
                 148,            0.032032,            0.009627,           0.0039353,              0.9535,             0.89799,             0.93162,             0.45707,            0.024018,           0.0074305,           0.0016315,            0.005149,            0.005149,            0.005149
                 149,            0.031792,           0.0093581,           0.0038881,             0.96419,             0.88164,             0.93243,             0.46293,            0.025072,           0.0075177,           0.0015705,            0.005116,            0.005116,            0.005116
                 150,            0.030653,           0.0096397,           0.0036527,             0.95687,             0.89758,             0.93302,             0.46501,            0.022683,             0.00742,           0.0016356,            0.005083,            0.005083,            0.005083
                 151,            0.032422,           0.0094933,            0.004623,             0.96666,             0.90416,             0.94116,             0.46491,             0.02396,           0.0073545,           0.0015177,             0.00505,             0.00505,             0.00505
                 152,            0.031709,           0.0093099,           0.0037094,              0.9554,             0.90263,             0.94274,             0.47065,            0.023867,           0.0073592,           0.0014107,            0.005017,            0.005017,            0.005017
                 153,            0.031347,           0.0094076,           0.0034067,             0.95759,             0.89715,             0.93433,              0.4687,            0.024293,           0.0074472,           0.0015103,            0.004984,            0.004984,            0.004984
                 154,            0.030767,           0.0092409,           0.0039464,             0.96239,             0.88489,             0.93555,             0.47343,            0.025394,           0.0074001,           0.0014689,            0.004951,            0.004951,            0.004951
                 155,            0.029317,            0.009316,            0.003229,             0.95607,             0.87917,             0.93252,              0.4584,            0.024219,           0.0074609,           0.0014615,            0.004918,            0.004918,            0.004918
                 156,            0.030039,           0.0096629,           0.0035006,             0.95608,             0.90245,             0.94313,             0.47344,            0.023052,           0.0074382,           0.0013967,            0.004885,            0.004885,            0.004885
                 157,            0.032712,           0.0092762,             0.00389,             0.96409,             0.91134,             0.93972,             0.47399,            0.023376,           0.0072765,             0.00139,            0.004852,            0.004852,            0.004852
                 158,            0.031455,           0.0094843,           0.0037414,             0.95896,             0.90787,             0.94345,             0.48503,            0.022565,           0.0072121,           0.0013955,            0.004819,            0.004819,            0.004819
                 159,            0.032688,           0.0092648,           0.0041863,             0.96272,             0.90514,             0.94413,             0.47734,            0.022857,           0.0073383,           0.0013979,            0.004786,            0.004786,            0.004786
                 160,            0.030635,           0.0095438,           0.0033546,             0.95485,             0.91057,             0.94438,             0.47412,            0.024275,           0.0072403,           0.0015566,            0.004753,            0.004753,            0.004753
                 161,            0.031257,           0.0088616,           0.0040717,             0.96222,             0.89289,             0.93806,             0.47169,            0.024894,           0.0073487,           0.0014883,             0.00472,             0.00472,             0.00472
                 162,            0.031633,           0.0091071,           0.0043574,              0.9561,             0.90198,             0.93769,             0.46685,            0.023252,           0.0072887,           0.0014726,            0.004687,            0.004687,            0.004687
                 163,            0.029571,           0.0093113,           0.0031123,             0.95179,             0.89991,             0.94119,             0.47256,             0.02271,           0.0073594,           0.0013302,            0.004654,            0.004654,            0.004654
                 164,             0.02955,           0.0093845,           0.0030273,             0.95696,              0.8982,             0.94499,             0.47934,            0.023263,           0.0073762,           0.0011624,            0.004621,            0.004621,            0.004621
                 165,            0.032695,           0.0098399,           0.0038986,             0.95707,              0.8945,             0.94226,             0.47027,            0.022834,           0.0073701,           0.0012239,            0.004588,            0.004588,            0.004588
                 166,            0.030472,           0.0090486,           0.0033559,             0.95462,              0.9093,              0.9389,             0.46611,            0.023026,           0.0072958,           0.0012193,            0.004555,            0.004555,            0.004555
                 167,            0.031171,           0.0091527,           0.0032447,             0.95696,             0.89753,             0.93662,             0.47185,            0.023179,           0.0073042,           0.0012273,            0.004522,            0.004522,            0.004522
                 168,            0.030986,           0.0096612,           0.0035046,             0.95684,             0.90803,             0.94678,             0.47964,             0.02394,           0.0071848,           0.0013266,            0.004489,            0.004489,            0.004489
                 169,            0.030011,           0.0094287,           0.0037361,             0.96284,             0.91617,             0.94805,             0.48586,            0.021893,           0.0070805,           0.0014066,            0.004456,            0.004456,            0.004456
                 170,             0.03019,           0.0093627,           0.0035063,             0.96101,             0.91146,              0.9455,             0.49325,            0.022191,           0.0070965,           0.0012183,            0.004423,            0.004423,            0.004423
                 171,            0.032295,           0.0090091,           0.0039753,             0.95393,             0.91575,             0.94702,             0.48255,              0.0224,           0.0072061,           0.0011944,             0.00439,             0.00439,             0.00439
                 172,            0.029906,           0.0090731,           0.0029782,             0.92772,             0.91864,             0.94444,             0.48702,            0.023053,           0.0072258,           0.0012314,            0.004357,            0.004357,            0.004357
                 173,             0.03023,           0.0090856,           0.0030329,             0.96486,             0.91392,             0.94776,             0.48452,            0.022155,           0.0071503,           0.0012408,            0.004324,            0.004324,            0.004324
                 174,            0.028421,           0.0091521,           0.0027034,             0.96502,             0.91795,             0.94572,             0.49762,            0.021573,           0.0071634,           0.0011573,            0.004291,            0.004291,            0.004291
                 175,            0.031544,            0.009152,           0.0032836,             0.96387,             0.91681,             0.94434,             0.48659,            0.022005,           0.0072056,           0.0011411,            0.004258,            0.004258,            0.004258
                 176,            0.028704,           0.0092568,           0.0030335,             0.96592,             0.90868,             0.94248,             0.49411,            0.023248,           0.0071088,           0.0011506,            0.004225,            0.004225,            0.004225
                 177,            0.029317,           0.0092291,           0.0029687,             0.96666,             0.91693,             0.94837,             0.49792,            0.023119,           0.0070547,           0.0011376,            0.004192,            0.004192,            0.004192
                 178,            0.029194,           0.0090309,           0.0027742,             0.95692,             0.92594,             0.94592,             0.49014,            0.021845,           0.0070684,           0.0011729,            0.004159,            0.004159,            0.004159
                 179,            0.027836,           0.0088825,            0.003157,             0.96396,             0.91575,             0.95155,             0.48216,            0.021787,           0.0071031,            0.001193,            0.004126,            0.004126,            0.004126
                 180,            0.029572,           0.0088979,           0.0030423,             0.94951,             0.92303,             0.94951,             0.48858,            0.023001,           0.0071037,           0.0011805,            0.004093,            0.004093,            0.004093
                 181,            0.029748,            0.009251,           0.0029562,             0.97016,             0.91087,             0.94681,             0.49013,            0.023274,           0.0071383,           0.0010998,             0.00406,             0.00406,             0.00406
                 182,            0.029488,           0.0091948,            0.003095,             0.96196,             0.91682,             0.94521,             0.48376,            0.022987,           0.0071441,           0.0012109,            0.004027,            0.004027,            0.004027
                 183,            0.031358,           0.0092325,           0.0039064,             0.96487,             0.90951,             0.94482,             0.47721,            0.022842,           0.0072285,            0.001213,            0.003994,            0.003994,            0.003994
                 184,            0.029458,           0.0093257,           0.0031047,             0.96145,             0.90928,             0.94617,             0.49239,            0.023415,           0.0071037,            0.001272,            0.003961,            0.003961,            0.003961
                 185,            0.029865,            0.009094,           0.0028881,             0.96262,             0.91962,             0.95693,             0.49923,            0.023503,           0.0070112,           0.0011854,            0.003928,            0.003928,            0.003928
                 186,            0.029289,           0.0090536,           0.0036704,             0.96178,             0.90814,             0.94992,             0.48985,            0.022555,           0.0071234,           0.0013459,            0.003895,            0.003895,            0.003895
                 187,            0.031271,           0.0090249,           0.0036735,             0.95317,             0.92224,             0.94908,             0.48088,             0.02283,           0.0070592,           0.0012089,            0.003862,            0.003862,            0.003862
                 188,            0.028607,           0.0087766,           0.0029103,             0.95751,               0.908,             0.94869,             0.48874,            0.023617,           0.0070452,            0.001199,            0.003829,            0.003829,            0.003829
                 189,            0.030052,           0.0090338,           0.0031684,             0.95404,             0.90055,             0.94374,             0.48547,            0.023128,           0.0071737,           0.0011951,            0.003796,            0.003796,            0.003796
                 190,            0.028584,            0.009014,           0.0026969,             0.96184,             0.91178,             0.95101,             0.49369,            0.021744,           0.0070954,           0.0010975,            0.003763,            0.003763,            0.003763
                 191,            0.029379,           0.0094232,           0.0030913,             0.96713,             0.91963,             0.95124,             0.49916,            0.021519,           0.0069822,           0.0010934,             0.00373,             0.00373,             0.00373
                 192,             0.02654,            0.008846,           0.0027075,             0.96348,             0.91837,             0.95211,             0.49402,            0.021945,            0.007006,           0.0011712,            0.003697,            0.003697,            0.003697
                 193,            0.028581,           0.0092738,           0.0036704,             0.96327,             0.91586,             0.94834,              0.4983,            0.021235,           0.0070441,           0.0012231,            0.003664,            0.003664,            0.003664
                 194,            0.027645,           0.0087814,           0.0034218,             0.96923,             0.90627,             0.94761,             0.49698,            0.020915,            0.007095,            0.001232,            0.003631,            0.003631,            0.003631
                 195,            0.027676,           0.0088756,            0.002609,             0.96582,             0.91209,             0.95018,             0.49409,            0.021241,           0.0070708,           0.0010912,            0.003598,            0.003598,            0.003598
                 196,            0.027973,           0.0089381,           0.0027345,             0.96147,             0.92605,             0.95226,             0.50232,            0.020425,           0.0070037,           0.0010388,            0.003565,            0.003565,            0.003565
                 197,            0.026717,           0.0086855,           0.0024202,              0.9596,             0.92227,             0.95105,             0.50888,            0.020891,           0.0068996,            0.001052,            0.003532,            0.003532,            0.003532
                 198,            0.028049,           0.0085532,           0.0027287,             0.97278,              0.9174,             0.95407,             0.51338,            0.020267,            0.006832,           0.0010221,            0.003499,            0.003499,            0.003499
                 199,            0.028228,           0.0089237,           0.0023701,             0.96482,             0.93063,             0.95331,             0.50387,            0.021587,           0.0069084,          0.00094334,            0.003466,            0.003466,            0.003466
                 200,            0.028765,           0.0087462,           0.0027326,             0.96031,             0.93267,              0.9538,             0.49926,            0.021672,           0.0069798,          0.00099668,            0.003433,            0.003433,            0.003433
                 201,            0.027913,           0.0087278,           0.0025198,              0.9651,             0.92455,             0.95539,             0.50138,            0.021249,           0.0069083,            0.001083,              0.0034,              0.0034,              0.0034
                 202,            0.029394,           0.0089057,           0.0030269,             0.96506,             0.93585,              0.9598,             0.50137,            0.021803,           0.0068859,           0.0010153,            0.003367,            0.003367,            0.003367
                 203,            0.028162,            0.009054,           0.0031363,             0.97053,             0.93261,              0.9568,             0.50646,            0.021625,           0.0068718,           0.0009972,            0.003334,            0.003334,            0.003334
                 204,            0.027206,           0.0087055,           0.0028721,             0.95734,             0.92683,             0.95477,             0.50652,            0.022036,           0.0069781,           0.0010559,            0.003301,            0.003301,            0.003301
                 205,            0.029189,           0.0086526,           0.0034564,              0.9541,              0.9331,             0.95583,             0.50962,            0.022241,           0.0068858,          0.00091404,            0.003268,            0.003268,            0.003268
                 206,            0.029223,           0.0088964,           0.0024175,             0.96227,             0.92215,             0.95571,             0.51305,            0.021464,           0.0069589,            0.001014,            0.003235,            0.003235,            0.003235
                 207,            0.028624,           0.0089176,            0.002942,             0.96147,              0.9193,             0.95157,             0.50904,            0.021302,           0.0069961,           0.0010838,            0.003202,            0.003202,            0.003202
                 208,            0.027743,           0.0088307,           0.0024989,             0.97113,             0.92795,             0.95228,             0.50922,            0.021437,            0.006914,           0.0010744,            0.003169,            0.003169,            0.003169
                 209,            0.028724,           0.0090121,           0.0027901,             0.95146,             0.93706,              0.9524,             0.51227,            0.021246,           0.0068561,           0.0010341,            0.003136,            0.003136,            0.003136
                 210,            0.028383,           0.0092465,           0.0028217,             0.96846,             0.92462,             0.95357,              0.5113,            0.020639,           0.0068508,           0.0010114,            0.003103,            0.003103,            0.003103
                 211,            0.026518,           0.0086407,           0.0022275,             0.96854,             0.92465,             0.95382,             0.50866,            0.021154,           0.0068597,          0.00093112,             0.00307,             0.00307,             0.00307
                 212,            0.028234,           0.0086332,           0.0023701,             0.97411,             0.92155,             0.95547,             0.51276,              0.0208,           0.0068551,          0.00097884,            0.003037,            0.003037,            0.003037
                 213,            0.028992,           0.0086685,           0.0028882,             0.97101,             0.92778,             0.95551,             0.50599,            0.021275,           0.0068774,           0.0009354,            0.003004,            0.003004,            0.003004
                 214,            0.028596,           0.0089577,           0.0027403,             0.97202,             0.93408,             0.95518,             0.51618,            0.022197,           0.0068068,          0.00095604,            0.002971,            0.002971,            0.002971
                 215,            0.026695,           0.0086872,           0.0023599,              0.9711,             0.93718,             0.95671,             0.51978,             0.02009,           0.0068399,          0.00099702,            0.002938,            0.002938,            0.002938
                 216,             0.02748,           0.0086385,           0.0024903,             0.97241,             0.92575,             0.95726,             0.51808,            0.020486,           0.0068902,           0.0009165,            0.002905,            0.002905,            0.002905
                 217,            0.028507,           0.0087996,           0.0025802,              0.9649,             0.93316,             0.95445,             0.51152,            0.021782,           0.0068534,          0.00091249,            0.002872,            0.002872,            0.002872
                 218,            0.027304,           0.0089619,           0.0024006,             0.97355,             0.92292,             0.95875,             0.51418,            0.021027,           0.0068502,          0.00092549,            0.002839,            0.002839,            0.002839
                 219,            0.028851,           0.0087453,           0.0027246,             0.96029,             0.92937,             0.95708,             0.51637,            0.020551,           0.0068407,           0.0009394,            0.002806,            0.002806,            0.002806
                 220,             0.02877,           0.0084902,           0.0023697,             0.95277,             0.93349,             0.95539,             0.50685,            0.020172,           0.0069066,           0.0010255,            0.002773,            0.002773,            0.002773
                 221,            0.026593,           0.0083759,           0.0026892,             0.96304,             0.93627,              0.9576,             0.51646,             0.02084,           0.0068577,          0.00099977,             0.00274,             0.00274,             0.00274
                 222,            0.027189,           0.0088967,           0.0023892,             0.96649,             0.94273,             0.95606,             0.51836,            0.020788,           0.0068391,          0.00091639,            0.002707,            0.002707,            0.002707
                 223,            0.028508,           0.0088911,           0.0030343,             0.96525,             0.93851,             0.95581,             0.51969,            0.020823,           0.0068126,          0.00087892,            0.002674,            0.002674,            0.002674
                 224,            0.026074,           0.0088566,           0.0020757,             0.96833,             0.93614,              0.9599,             0.52049,            0.020535,           0.0068207,          0.00090826,            0.002641,            0.002641,            0.002641
                 225,            0.026302,           0.0086691,           0.0027065,             0.96948,             0.93753,             0.95989,             0.52559,            0.020238,           0.0067959,          0.00092636,            0.002608,            0.002608,            0.002608
                 226,              0.0272,           0.0089238,           0.0024248,             0.96776,              0.9368,             0.96219,             0.51231,            0.020798,           0.0068719,          0.00091192,            0.002575,            0.002575,            0.002575
                 227,            0.026034,           0.0085691,           0.0025222,             0.96084,             0.93612,             0.95915,             0.51575,            0.020898,           0.0067701,          0.00092858,            0.002542,            0.002542,            0.002542
                 228,            0.026364,           0.0084891,           0.0026839,             0.96145,             0.93762,             0.95841,             0.51993,            0.021186,           0.0068021,          0.00091302,            0.002509,            0.002509,            0.002509
                 229,            0.028359,           0.0085475,           0.0028672,             0.96483,             0.93883,             0.96083,              0.5208,            0.020793,            0.006792,          0.00086354,            0.002476,            0.002476,            0.002476
                 230,            0.027062,           0.0087502,           0.0022811,             0.97008,             0.93692,             0.95996,             0.51465,            0.020664,           0.0067697,          0.00082789,            0.002443,            0.002443,            0.002443
                 231,            0.025781,           0.0088107,           0.0021851,             0.97198,              0.9287,             0.95748,             0.51546,            0.021035,           0.0067889,          0.00086036,             0.00241,             0.00241,             0.00241
                 232,            0.026919,           0.0085619,           0.0021013,             0.97018,             0.93841,             0.96205,               0.519,            0.021315,            0.006784,          0.00084572,            0.002377,            0.002377,            0.002377
                 233,            0.026876,            0.008571,           0.0024576,             0.96195,             0.94317,             0.95711,             0.52415,            0.020382,           0.0067476,          0.00085389,            0.002344,            0.002344,            0.002344
                 234,            0.025582,           0.0085709,            0.002408,             0.96568,             0.93654,             0.96015,             0.52304,            0.020251,           0.0067767,          0.00083754,            0.002311,            0.002311,            0.002311
                 235,            0.027748,           0.0083679,           0.0024514,             0.96249,             0.94395,             0.96285,             0.52507,            0.020864,           0.0067977,          0.00078425,            0.002278,            0.002278,            0.002278
                 236,             0.02568,           0.0084684,           0.0021944,             0.96318,             0.94136,             0.95912,             0.52396,            0.019958,           0.0067928,          0.00082404,            0.002245,            0.002245,            0.002245
                 237,            0.028778,           0.0084233,           0.0030994,             0.96559,             0.94149,             0.96175,             0.52307,            0.020776,           0.0067451,          0.00084715,            0.002212,            0.002212,            0.002212
                 238,            0.027023,           0.0085689,            0.002087,             0.97475,             0.93768,             0.96448,             0.52448,            0.020258,           0.0067104,          0.00079956,            0.002179,            0.002179,            0.002179
                 239,            0.026494,           0.0085234,           0.0022257,             0.96584,             0.94347,              0.9641,             0.52872,            0.019883,            0.006711,          0.00076419,            0.002146,            0.002146,            0.002146
                 240,             0.02654,           0.0085831,           0.0022406,             0.96784,             0.93703,             0.96045,             0.52461,            0.019708,           0.0067716,          0.00077306,            0.002113,            0.002113,            0.002113
                 241,            0.026074,           0.0085973,           0.0032466,             0.97179,             0.93837,              0.9631,             0.52315,            0.019979,           0.0067175,          0.00073599,             0.00208,             0.00208,             0.00208
                 242,            0.025116,            0.008312,            0.001864,             0.97187,              0.9425,             0.96429,              0.5251,            0.019423,           0.0066651,          0.00077257,            0.002047,            0.002047,            0.002047
                 243,            0.027261,           0.0087225,           0.0027885,             0.97077,             0.93616,             0.96267,             0.52601,            0.019557,            0.006717,          0.00076531,            0.002014,            0.002014,            0.002014
                 244,            0.024375,           0.0086591,           0.0020698,             0.97786,             0.93029,             0.96159,             0.52704,            0.020116,           0.0066888,          0.00074971,            0.001981,            0.001981,            0.001981
                 245,            0.026857,           0.0083359,           0.0021436,              0.9807,             0.92732,             0.96559,             0.52929,            0.019609,           0.0066742,          0.00075444,            0.001948,            0.001948,            0.001948
                 246,            0.026513,           0.0085682,           0.0023764,             0.97489,             0.93343,             0.96467,             0.53194,            0.019883,           0.0066341,            0.000755,            0.001915,            0.001915,            0.001915
                 247,            0.025562,           0.0083244,           0.0022595,             0.97029,             0.94024,             0.96372,             0.52552,            0.020235,           0.0066523,          0.00077174,            0.001882,            0.001882,            0.001882
                 248,            0.026768,           0.0087033,              0.0025,             0.96713,             0.94435,             0.96399,             0.52852,             0.01997,           0.0066239,          0.00079121,            0.001849,            0.001849,            0.001849
                 249,            0.025311,           0.0079808,           0.0020762,             0.96294,              0.9476,             0.96158,             0.52455,            0.019556,           0.0066942,          0.00079832,            0.001816,            0.001816,            0.001816
                 250,            0.025507,           0.0081971,            0.002853,             0.97605,             0.93694,             0.96184,             0.53012,            0.019469,           0.0067285,          0.00078162,            0.001783,            0.001783,            0.001783
                 251,            0.024593,           0.0087422,           0.0021232,             0.98036,              0.9318,             0.96215,             0.52761,            0.019162,           0.0067038,          0.00073363,             0.00175,             0.00175,             0.00175
                 252,             0.02568,           0.0087925,           0.0023077,             0.96743,             0.94377,             0.96348,             0.53421,            0.019594,           0.0066327,          0.00072966,            0.001717,            0.001717,            0.001717
                 253,            0.025776,           0.0084389,           0.0025402,             0.96839,             0.94463,             0.96272,             0.52966,            0.019617,           0.0066335,          0.00071433,            0.001684,            0.001684,            0.001684
                 254,            0.025216,           0.0083589,           0.0020275,             0.96677,              0.9431,             0.96447,              0.5333,            0.019922,           0.0066126,          0.00070091,            0.001651,            0.001651,            0.001651
                 255,            0.025257,           0.0084582,            0.002068,             0.96415,             0.94499,             0.95814,             0.53578,            0.020416,           0.0066276,          0.00071527,            0.001618,            0.001618,            0.001618
                 256,            0.025914,           0.0084065,           0.0021558,             0.96485,             0.94876,              0.9679,             0.52804,            0.020279,           0.0066907,           0.0006872,            0.001585,            0.001585,            0.001585
                 257,            0.024452,           0.0082699,           0.0022932,              0.9694,             0.94946,             0.96516,             0.53275,            0.019002,           0.0066382,          0.00068904,            0.001552,            0.001552,            0.001552
                 258,            0.025091,           0.0084655,           0.0023254,             0.97615,             0.94111,             0.96679,             0.54102,            0.019058,           0.0066423,          0.00068682,            0.001519,            0.001519,            0.001519
                 259,            0.025413,           0.0087371,           0.0026878,             0.97402,             0.94569,              0.9672,             0.54371,              0.0192,           0.0066076,          0.00066767,            0.001486,            0.001486,            0.001486
                 260,            0.026453,           0.0087211,           0.0028839,             0.96548,             0.94658,             0.96468,             0.54037,            0.019834,           0.0066172,          0.00068324,            0.001453,            0.001453,            0.001453
                 261,            0.024548,           0.0084964,           0.0020179,             0.95302,             0.94537,             0.96254,             0.54061,            0.019964,           0.0066274,          0.00070938,             0.00142,             0.00142,             0.00142
                 262,            0.025847,           0.0085895,           0.0026248,             0.95991,             0.93895,             0.96061,             0.53712,            0.019344,           0.0066205,          0.00068603,            0.001387,            0.001387,            0.001387
                 263,            0.024937,            0.008202,           0.0024049,             0.96752,             0.93755,             0.96308,             0.54105,            0.018629,           0.0066032,          0.00068835,            0.001354,            0.001354,            0.001354
                 264,            0.025278,            0.008076,           0.0019991,             0.96967,             0.93861,             0.96094,             0.53723,            0.018842,           0.0066038,          0.00065782,            0.001321,            0.001321,            0.001321
                 265,            0.024925,           0.0082478,           0.0020534,             0.97594,             0.93702,             0.96444,             0.53681,            0.019453,           0.0065706,          0.00062636,            0.001288,            0.001288,            0.001288
                 266,            0.025547,           0.0084695,           0.0024205,             0.96772,             0.94401,             0.96407,             0.53989,            0.019405,           0.0066023,          0.00060743,            0.001255,            0.001255,            0.001255
                 267,            0.025588,           0.0082219,           0.0020802,             0.97129,             0.94349,             0.96685,             0.53881,            0.019124,           0.0066058,          0.00060825,            0.001222,            0.001222,            0.001222
                 268,              0.0234,            0.008053,           0.0017079,             0.96929,             0.94102,             0.96523,             0.54385,            0.019328,            0.006591,           0.0006472,            0.001189,            0.001189,            0.001189
                 269,            0.024252,           0.0082311,           0.0020417,             0.97464,             0.93508,             0.96626,             0.53813,            0.019069,           0.0066174,          0.00068327,            0.001156,            0.001156,            0.001156
                 270,            0.023738,           0.0081942,            0.001988,             0.97445,             0.93664,             0.96413,             0.53804,            0.018799,           0.0066108,          0.00065844,            0.001123,            0.001123,            0.001123
                 271,            0.023437,           0.0083022,            0.001836,             0.97907,             0.93632,             0.96317,             0.54308,            0.018612,           0.0065909,          0.00064175,             0.00109,             0.00109,             0.00109
                 272,            0.024719,           0.0079936,           0.0019868,             0.97989,              0.9376,             0.96538,             0.54573,            0.018649,           0.0065847,          0.00061374,            0.001057,            0.001057,            0.001057
                 273,             0.02424,           0.0082522,           0.0021953,             0.97822,             0.93995,             0.96573,             0.54724,            0.018301,           0.0065778,          0.00062883,            0.001024,            0.001024,            0.001024
                 274,            0.024888,           0.0083984,           0.0022278,              0.9771,             0.94399,             0.96473,             0.54305,            0.018649,           0.0065772,          0.00064324,            0.000991,            0.000991,            0.000991
                 275,            0.025732,           0.0083208,           0.0023111,              0.9749,              0.9404,             0.96225,             0.54409,            0.018418,           0.0065542,          0.00062691,            0.000958,            0.000958,            0.000958
                 276,            0.026885,           0.0084657,           0.0020977,             0.97492,             0.93969,             0.96371,             0.54689,            0.018855,           0.0065443,          0.00062371,            0.000925,            0.000925,            0.000925
                 277,            0.023905,           0.0084937,           0.0019511,             0.97893,               0.937,             0.96309,             0.54811,            0.018294,           0.0065269,          0.00059895,            0.000892,            0.000892,            0.000892
                 278,            0.024254,           0.0085225,           0.0022137,             0.96717,             0.94489,              0.9618,             0.54844,            0.018677,           0.0065353,          0.00058984,            0.000859,            0.000859,            0.000859
                 279,            0.025641,           0.0083548,           0.0019566,             0.97096,             0.93968,             0.96345,             0.54681,            0.018574,           0.0065191,          0.00059435,            0.000826,            0.000826,            0.000826
                 280,            0.023934,           0.0079562,           0.0017922,             0.97305,             0.94425,             0.96657,             0.54779,            0.018847,           0.0065131,          0.00057212,            0.000793,            0.000793,            0.000793
                 281,            0.023899,           0.0085534,            0.001798,             0.97186,             0.94963,             0.96665,             0.54973,             0.01875,           0.0065106,          0.00055386,             0.00076,             0.00076,             0.00076
                 282,            0.023594,           0.0081394,            0.001659,             0.96617,             0.95181,             0.96569,             0.55092,            0.018239,           0.0065167,          0.00056374,            0.000727,            0.000727,            0.000727
                 283,            0.024241,           0.0086346,           0.0023679,             0.96672,             0.94961,              0.9648,              0.5504,            0.018406,           0.0065326,          0.00057315,            0.000694,            0.000694,            0.000694
                 284,            0.024482,           0.0082651,           0.0022849,             0.96245,               0.951,             0.96481,             0.55172,            0.018271,           0.0065046,          0.00058619,            0.000661,            0.000661,            0.000661
                 285,            0.024242,           0.0083359,           0.0017639,             0.96505,             0.95094,             0.96509,             0.54819,             0.01915,           0.0065137,          0.00059455,            0.000628,            0.000628,            0.000628
                 286,            0.023594,           0.0081739,           0.0016994,              0.9675,             0.94767,             0.96534,             0.55385,             0.01806,           0.0065123,          0.00058854,            0.000595,            0.000595,            0.000595
                 287,            0.023368,           0.0083189,            0.001851,             0.97078,             0.94904,             0.96602,             0.55506,            0.017951,           0.0065115,          0.00055526,            0.000562,            0.000562,            0.000562
                 288,            0.023378,           0.0080114,           0.0018177,             0.97169,              0.9463,             0.96501,             0.55299,            0.017849,           0.0065161,          0.00054582,            0.000529,            0.000529,            0.000529
                 289,            0.022688,           0.0083768,           0.0016628,             0.97577,               0.943,             0.96511,             0.55648,            0.017915,           0.0065022,          0.00055388,            0.000496,            0.000496,            0.000496
                 290,            0.023076,           0.0081414,           0.0017313,             0.97346,             0.94854,             0.96764,             0.55165,            0.018781,           0.0064964,          0.00056391,            0.000463,            0.000463,            0.000463
                 291,            0.022716,           0.0079943,           0.0017408,             0.97077,             0.94951,             0.96797,             0.55494,            0.018203,           0.0064756,          0.00056825,             0.00043,             0.00043,             0.00043
                 292,            0.022555,           0.0080823,            0.001573,             0.96643,             0.95036,             0.96669,             0.55705,            0.018084,           0.0064553,          0.00056908,            0.000397,            0.000397,            0.000397
                 293,            0.022967,           0.0082714,           0.0023582,             0.96652,             0.94883,              0.9682,             0.55776,            0.018137,           0.0064458,          0.00056696,            0.000364,            0.000364,            0.000364
                 294,            0.024409,           0.0083402,           0.0021387,             0.96961,             0.94841,             0.96794,               0.554,            0.017856,           0.0064702,           0.0005752,            0.000331,            0.000331,            0.000331
                 295,            0.023697,           0.0082328,           0.0019028,             0.97065,             0.94392,             0.96617,             0.55782,            0.017729,           0.0064617,          0.00057074,            0.000298,            0.000298,            0.000298
                 296,            0.023435,           0.0084793,           0.0018306,             0.96945,             0.95023,              0.9684,             0.56026,            0.017827,           0.0064575,          0.00055269,            0.000265,            0.000265,            0.000265
                 297,            0.023684,           0.0081927,           0.0021061,             0.97002,              0.9505,             0.96691,             0.55991,            0.018156,           0.0064557,           0.0005344,            0.000232,            0.000232,            0.000232
                 298,             0.02301,           0.0080924,           0.0015671,             0.96998,             0.94836,             0.96678,             0.55989,             0.01808,            0.006464,          0.00052885,            0.000199,            0.000199,            0.000199
                 299,            0.023796,           0.0083483,           0.0022509,             0.96932,             0.94922,             0.96602,             0.56141,            0.017869,           0.0064541,          0.00052703,            0.000166,            0.000166,            0.000166
